{"data": [
    {
      "committeecode": "소관위원회전체",
      "committeename": "소관위원회전체",
    },
    {
      "committeecode": "9700005",
      "committeename": "국회운영위원회",
    },
    {
      "committeecode": "9700006",
      "committeename": "법제사법위원회",
    },
    {
      "committeecode": "9700008",
      "committeename": "정무위원회",
    },
    {
      "committeecode": "9700300",
      "committeename": "기획재정위원회",
    },
    {
      "committeecode": "9700512",
      "committeename": "교육위원회",
    },
    {
      "committeecode": "9700479",
      "committeename": "과학기술정보방송통신위원회",
    },
    {
      "committeecode": "9700409",
      "committeename": "외교통일위원회",
    },
    {
      "committeecode": "9700019",
      "committeename": "국방위원회",
    },
    {
      "committeecode": "9700480",
      "committeename": "행정안전위원회",
    },
    {
      "committeecode": "9700513",
      "committeename": "문화체육관광위원회",
    },
    {
      "committeecode": "9700408",
      "committeename": "농림축산식품해양수산위원회",
    },
    {
      "committeecode": "9700481",
      "committeename": "산업통상자원중소벤처기업위원회",
    },
    {
      "committeecode": "9700341",
      "committeename": "보건복지위원회",
    },
    {
      "committeecode": "9700038",
      "committeename": "환경노동위원회",
    },
    {
      "committeecode": "9700407",
      "committeename": "국토교통위원회",
    },
    {
      "committeecode": "9700047",
      "committeename": "정보위원회",
    },
    {
      "committeecode": "9700342",
      "committeename": "여성가족위원회",
    },
    {
      "committeecode": "9700049",
      "committeename": "예산결산특별위원회",
    },
    {
      "committeecode": "9700051",
      "committeename": "윤리특별위원회",
    },
    {
      "committeecode": "9700508",
      "committeename": "헌법개정 및 정치개혁 특별위원회",
    },
    {
      "committeecode": "9700502",
      "committeename": "미세먼지 대책 특별위원회",
    },
    {
      "committeecode": "9700514",
      "committeename": "정치개혁 특별위원회",
    },
    {
      "committeecode": "9700516",
      "committeename": "사법개혁 특별위원회",
    },
    {
      "committeecode": "9700410",
      "committeename": "산업통상자원위원회",
    },
    {
      "committeecode": "9700411",
      "committeename": "안전행정위원회",
    },
    {
      "committeecode": "9700475",
      "committeename": "국무총리(이낙연) 임명동의에 관한 인사청문특별위원회",
    },
    {
      "committeecode": "9700469",
      "committeename": "저출산·고령화대책 특별위원회",
    },
    {
      "committeecode": "9700406",
      "committeename": "교육문화체육관광위원회",
    },
    {
      "committeecode": "9700470",
      "committeename": "평창동계올림픽 및 국제경기대회지원 특별위원회",
    },
    {
      "committeecode": "9700506",
      "committeename": "감사원장(최재형) 임명동의에 관한 인사청문특별위원회",
    },
    {
      "committeecode": "8888888",
      "committeename": "본회의",
    },
    {
      "committeecode": "9700461",
      "committeename": "국회상임위원회 위원정수에 관한 규칙 개정 특별위원회",
    },
    {
      "committeecode": "9700521",
      "committeename": "대법관(김상환) 임명동의에 관한 인사청문특별위원회",
    },
    {
      "committeecode": "9700473",
      "committeename": "박근혜정부의최순실등민간인에의한국정농단의혹사건진상규명을위한국정조사특별위원회",
    },
    {
      "committeecode": "9700405",
      "committeename": "미래창조과학방송통신위원회",
    },
    {
      "committeecode": "9700511",
      "committeename": "대법관(김선수·노정희·이동원) 임명동의에 관한 인사청문특별위원회",
    },
    {
      "committeecode": "9700499",
      "committeename": "대법원장(김명수) 임명동의에 관한 인사청문특별위원회",
    },
    {
      "committeecode": "9700472",
      "committeename": "대법관(김재형) 임명동의에 관한 인사청문특별위원회",
    },
    {
      "committeecode": "9700504",
      "committeename": "대법관(민유숙·안철상) 임명동의에 관한 인사청문특별위원회",
    },
    {
      "committeecode": "9700477",
      "committeename": "대법관(박정화·조재연) 임명동의에 관한 인사청문특별위원회",
    },
    {
      "committeecode": "9700520",
      "committeename": "헌법재판소 재판관 선출에 관한 인사청문특별위원회",
    },
    {
      "committeecode": "9700476",
      "committeename": "헌법재판소장(김이수) 임명동의에 관한 인사청문특별위원회",
    },
    {
      "committeecode": "9700519",
      "committeename": "헌법재판소장(유남석) 임명동의에 관한 인사청문특별위원회",
    },
    {
      "committeecode": "9700500",
      "committeename": "헌법재판소장(이진성) 임명동의에 관한 인사청문특별위원회",
    },
    {
      "committeecode": "9700464",
      "committeename": "가습기살균제 사고 진상규명과 피해구제 및 재발방지 대책마련을 위한 국정조사특별위원회",
    },
    {
      "committeecode": "9999999",
      "committeename": "미확정",
    }
  ]
}
