{"count": 319, "data": [{"picDeptCd": "9770276", "name": "강길부", "party": "무소속", "region": "울산 울주군"}, {"picDeptCd": "9770933", "name": "강병원", "party": "더불어민주당", "region": "서울 은평구을"}, {"picDeptCd": "9771036", "name": "강석진", "party": "자유한국당", "region": "경남 산청군함양군거창군합천군"}, {"picDeptCd": "9770512", "name": "강석호", "party": "자유한국당", "region": "경북 영양군영덕군봉화군울진군"}, {"picDeptCd": "9770279", "name": "강창일", "party": "더불어민주당", "region": "제주 제주시갑"}, {"picDeptCd": "9771054", "name": "강효상", "party": "자유한국당", "region": "비례대표"}, {"picDeptCd": "9771007", "name": "강훈식", "party": "더불어민주당", "region": "충남 아산시을"}, {"picDeptCd": "9770708", "name": "경대수", "party": "자유한국당", "region": "충북 증평군진천군음성군"}, {"picDeptCd": "9770931", "name": "고용진", "party": "더불어민주당", "region": "서울 노원구갑"}, {"picDeptCd": "9770961", "name": "곽대훈", "party": "자유한국당", "region": "대구 달서구갑"}, {"picDeptCd": "9770956", "name": "곽상도", "party": "자유한국당", "region": "대구 중구남구"}, {"picDeptCd": "9771066", "name": "권미혁", "party": "더불어민주당", "region": "비례대표"}, {"picDeptCd": "9771004", "name": "권석창", "party": "자유한국당", "region": "충북 제천시단양군"}, {"picDeptCd": "9770679", "name": "권성동", "party": "자유한국당", "region": "강원 강릉시"}, {"picDeptCd": "9770977", "name": "권은희", "party": "바른미래당", "region": "광주 광산구을"}, {"picDeptCd": "9770998", "name": "권칠승", "party": "더불어민주당", "region": "경기 화성시병"}, {"picDeptCd": "9770937", "name": "금태섭", "party": "더불어민주당", "region": "서울 강서구갑"}, {"picDeptCd": "9770927", "name": "기동민", "party": "더불어민주당", "region": "서울 성북구을"}, {"picDeptCd": "9771033", "name": "김경수", "party": "더불어민주당", "region": "경남 김해시을"}, {"picDeptCd": "9770970", "name": "김경진", "party": "무소속", "region": "광주 북구갑"}, {"picDeptCd": "9770712", "name": "김경협", "party": "더불어민주당", "region": "경기 부천시원미구갑"}, {"picDeptCd": "9770713", "name": "김관영", "party": "바른미래당", "region": "전북 군산시"}, {"picDeptCd": "9770523", "name": "김광림", "party": "자유한국당", "region": "경북 안동시"}, {"picDeptCd": "9771011", "name": "김광수", "party": "민주평화당", "region": "전북 전주시갑"}, {"picDeptCd": "9771044", "name": "김규환", "party": "자유한국당", "region": "비례대표"}, {"picDeptCd": "9770716", "name": "김기선", "party": "자유한국당", "region": "강원 원주시갑"}, {"picDeptCd": "9770719", "name": "김도읍", "party": "자유한국당", "region": "부산 북구강서구을"}, {"picDeptCd": "9770295", "name": "김동철", "party": "바른미래당", "region": "광주 광산구갑"}, {"picDeptCd": "9770997", "name": "김두관", "party": "더불어민주당", "region": "경기 김포시갑"}, {"picDeptCd": "9770721", "name": "김명연", "party": "자유한국당", "region": "경기 안산시단원구갑"}, {"picDeptCd": "9770895", "name": "김무성", "party": "자유한국당", "region": "부산 중구영도구"}, {"picDeptCd": "9770723", "name": "김민기", "party": "더불어민주당", "region": "경기 용인시을"}, {"picDeptCd": "9770983", "name": "김병관", "party": "더불어민주당", "region": "경기 성남시분당구갑"}, {"picDeptCd": "9770941", "name": "김병기", "party": "더불어민주당", "region": "서울 동작구갑"}, {"picDeptCd": "9770984", "name": "김병욱", "party": "더불어민주당", "region": "경기 성남시분당구을"}, {"picDeptCd": "9770960", "name": "김부겸", "party": "더불어민주당", "region": "대구 수성구갑"}, {"picDeptCd": "9771077", "name": "김삼화", "party": "바른미래당", "region": "비례대표"}, {"picDeptCd": "9770725", "name": "김상훈", "party": "자유한국당", "region": "대구 서구"}, {"picDeptCd": "9770527", "name": "김상희", "party": "더불어민주당", "region": "경기 부천시소사구"}, {"picDeptCd": "9771024", "name": "김석기", "party": "자유한국당", "region": "경북 경주시"}, {"picDeptCd": "9770930", "name": "김선동", "party": "자유한국당", "region": "서울 도봉구을"}, {"picDeptCd": "9771065", "name": "김성수", "party": "더불어민주당", "region": "비례대표"}, {"picDeptCd": "9770942", "name": "김성식", "party": "바른미래당", "region": "서울 관악구갑"}, {"picDeptCd": "9770985", "name": "김성원", "party": "자유한국당", "region": "경기 동두천시연천군"}, {"picDeptCd": "9770727", "name": "김성찬", "party": "자유한국당", "region": "경남 창원시진해구"}, {"picDeptCd": "9770974", "name": "김성태", "party": "자유한국당", "region": "서울 강서구을"}, {"picDeptCd": "9771046", "name": "김성태", "party": "자유한국당", "region": "비례대표"}, {"picDeptCd": "9771089", "name": "김성환", "party": "더불어민주당", "region": "서울 노원구병"}, {"picDeptCd": "9770534", "name": "김세연", "party": "자유한국당", "region": "부산 금정구"}, {"picDeptCd": "9771075", "name": "김수민", "party": "바른미래당", "region": "비례대표"}, {"picDeptCd": "9771053", "name": "김순례", "party": "자유한국당", "region": "비례대표"}, {"picDeptCd": "9771049", "name": "김승희", "party": "자유한국당", "region": "비례대표"}, {"picDeptCd": "9770538", "name": "김영우", "party": "자유한국당", "region": "경기 포천시가평군"}, {"picDeptCd": "9770975", "name": "김영주", "party": "더불어민주당", "region": "서울 영등포구갑"}, {"picDeptCd": "9770981", "name": "김영진", "party": "더불어민주당", "region": "경기 수원시병"}, {"picDeptCd": "9770949", "name": "김영춘", "party": "더불어민주당", "region": "부산 부산진구갑"}, {"picDeptCd": "9770934", "name": "김영호", "party": "더불어민주당", "region": "서울 서대문구을"}, {"picDeptCd": "9770542", "name": "김용태", "party": "자유한국당", "region": "서울 양천구을"}, {"picDeptCd": "9770310", "name": "김재경", "party": "자유한국당", "region": "경남 진주시을"}, {"picDeptCd": "9771087", "name": "김재원", "party": "자유한국당", "region": "경북 상주시군위군의성군청송군"}, {"picDeptCd": "9770993", "name": "김정우", "party": "더불어민주당", "region": "경기 군포시갑"}, {"picDeptCd": "9771023", "name": "김정재", "party": "자유한국당", "region": "경북 포항시북구"}, {"picDeptCd": "9771090", "name": "김정호", "party": "더불어민주당", "region": "경남 김해시을"}, {"picDeptCd": "9770316", "name": "김정훈", "party": "자유한국당", "region": "부산 남구갑"}, {"picDeptCd": "9771083", "name": "김종대", "party": "정의당", "region": "비례대표"}, {"picDeptCd": "9771009", "name": "김종민", "party": "더불어민주당", "region": "충남 논산시계룡시금산군"}, {"picDeptCd": "9771048", "name": "김종석", "party": "자유한국당", "region": "비례대표"}, {"picDeptCd": "9771057", "name": "김종인", "party": "더불어민주당", "region": "비례대표"}, {"picDeptCd": "9770738", "name": "김종태", "party": "새누리당", "region": "경북 상주시군위군의성군청송군"}, {"picDeptCd": "9771016", "name": "김종회", "party": "무소속", "region": "전북 김제시부안군"}, {"picDeptCd": "9770978", "name": "김종훈", "party": "민중당", "region": "울산 동구"}, {"picDeptCd": "9771078", "name": "김중로", "party": "바른미래당", "region": "비례대표"}, {"picDeptCd": "9770740", "name": "김진태", "party": "자유한국당", "region": "강원 춘천시"}, {"picDeptCd": "9770982", "name": "김진표", "party": "더불어민주당", "region": "경기 수원시무"}, {"picDeptCd": "9770986", "name": "김철민", "party": "더불어민주당", "region": "경기 안산시상록구을"}, {"picDeptCd": "9770741", "name": "김태년", "party": "더불어민주당", "region": "경기 성남시수정구"}, {"picDeptCd": "9770742", "name": "김태흠", "party": "자유한국당", "region": "충남 보령시서천군"}, {"picDeptCd": "9770670", "name": "김학용", "party": "자유한국당", "region": "경기 안성시"}, {"picDeptCd": "9770991", "name": "김한정", "party": "더불어민주당", "region": "경기 남양주시을"}, {"picDeptCd": "9770744", "name": "김한표", "party": "자유한국당", "region": "경남 거제시"}, {"picDeptCd": "9770953", "name": "김해영", "party": "더불어민주당", "region": "부산 연제구"}, {"picDeptCd": "9771061", "name": "김현권", "party": "더불어민주당", "region": "비례대표"}, {"picDeptCd": "9770746", "name": "김현미", "party": "더불어민주당", "region": "경기 고양시정"}, {"picDeptCd": "9771055", "name": "김현아", "party": "자유한국당", "region": "비례대표"}, {"picDeptCd": "9770903", "name": "나경원", "party": "자유한국당", "region": "서울 동작구을"}, {"picDeptCd": "9770752", "name": "남인순", "party": "더불어민주당", "region": "서울 송파구병"}, {"picDeptCd": "9770753", "name": "노웅래", "party": "더불어민주당", "region": "서울 마포구갑"}, {"picDeptCd": "9771031", "name": "노회찬", "party": "정의당", "region": "경남 창원시성산구"}, {"picDeptCd": "9770755", "name": "도종환", "party": "더불어민주당", "region": "충북 청주시흥덕구"}, {"picDeptCd": "9771091", "name": "맹성규", "party": "더불어민주당", "region": "인천 남동구갑"}, {"picDeptCd": "9771062", "name": "문미옥", "party": "더불어민주당", "region": "비례대표"}, {"picDeptCd": "9771042", "name": "문진국", "party": "자유한국당", "region": "비례대표"}, {"picDeptCd": "9770084", "name": "문희상", "party": "무소속", "region": "경기 의정부시갑"}, {"picDeptCd": "9770964", "name": "민경욱", "party": "자유한국당", "region": "인천 연수구을"}, {"picDeptCd": "9770761", "name": "민병두", "party": "더불어민주당", "region": "서울 동대문구을"}, {"picDeptCd": "9770764", "name": "민홍철", "party": "더불어민주당", "region": "경남 김해시갑"}, {"picDeptCd": "9771056", "name": "박경미", "party": "더불어민주당", "region": "비례대표"}, {"picDeptCd": "9770911", "name": "박광온", "party": "더불어민주당", "region": "경기 수원시정"}, {"picDeptCd": "9770765", "name": "박남춘", "party": "더불어민주당", "region": "인천 남동구갑"}, {"picDeptCd": "9770767", "name": "박대출", "party": "자유한국당", "region": "경남 진주시갑"}, {"picDeptCd": "9770768", "name": "박덕흠", "party": "자유한국당", "region": "충북 보은군옥천군영동군괴산군"}, {"picDeptCd": "9770908", "name": "박맹우", "party": "자유한국당", "region": "울산 남구을"}, {"picDeptCd": "9770899", "name": "박명재", "party": "자유한국당", "region": "경북 포항시남구울릉군"}, {"picDeptCd": "9770770", "name": "박범계", "party": "더불어민주당", "region": "대전 서구을"}, {"picDeptCd": "9770090", "name": "박병석", "party": "더불어민주당", "region": "대전 서구갑"}, {"picDeptCd": "9771073", "name": "박선숙", "party": "바른미래당", "region": "비례대표"}, {"picDeptCd": "9770944", "name": "박성중", "party": "자유한국당", "region": "서울 서초구을"}, {"picDeptCd": "9770987", "name": "박순자", "party": "자유한국당", "region": "경기 안산시단원구을"}, {"picDeptCd": "9770347", "name": "박영선", "party": "더불어민주당", "region": "서울 구로구을"}, {"picDeptCd": "9771030", "name": "박완수", "party": "자유한국당", "region": "경남 창원시의창구"}, {"picDeptCd": "9770774", "name": "박완주", "party": "더불어민주당", "region": "충남 천안시을"}, {"picDeptCd": "9770929", "name": "박용진", "party": "더불어민주당", "region": "서울 강북구을"}, {"picDeptCd": "9770776", "name": "박인숙", "party": "자유한국당", "region": "서울 송파구갑"}, {"picDeptCd": "9770950", "name": "박재호", "party": "더불어민주당", "region": "부산 남구을"}, {"picDeptCd": "9770995", "name": "박정", "party": "더불어민주당", "region": "경기 파주시을"}, {"picDeptCd": "9770932", "name": "박주민", "party": "더불어민주당", "region": "서울 은평구갑"}, {"picDeptCd": "9770566", "name": "박주선", "party": "바른미래당", "region": "광주 동구남구을"}, {"picDeptCd": "9771071", "name": "박주현", "party": "바른미래당", "region": "비례대표"}, {"picDeptCd": "9771022", "name": "박준영", "party": "민주평화당", "region": "전남 영암군무안군신안군"}, {"picDeptCd": "9770568", "name": "박지원", "party": "무소속", "region": "전남 목포시"}, {"picDeptCd": "9770963", "name": "박찬대", "party": "더불어민주당", "region": "인천 연수구갑"}, {"picDeptCd": "9771005", "name": "박찬우", "party": "자유한국당", "region": "충남 천안시갑"}, {"picDeptCd": "9770779", "name": "박홍근", "party": "더불어민주당", "region": "서울 중랑구을"}, {"picDeptCd": "9770904", "name": "배덕광", "party": "자유한국당", "region": "부산 해운대구을"}, {"picDeptCd": "9771025", "name": "백승주", "party": "자유한국당", "region": "경북 구미시갑"}, {"picDeptCd": "9770573", "name": "백재현", "party": "더불어민주당", "region": "경기 광명시갑"}, {"picDeptCd": "9770980", "name": "백혜련", "party": "더불어민주당", "region": "경기 수원시을"}, {"picDeptCd": "9770356", "name": "변재일", "party": "더불어민주당", "region": "충북 청주시청원구"}, {"picDeptCd": "9771092", "name": "서삼석", "party": "더불어민주당", "region": "전남 영암군무안군신안군"}, {"picDeptCd": "9770784", "name": "서영교", "party": "더불어민주당", "region": "서울 중랑구갑"}, {"picDeptCd": "9770898", "name": "서청원", "party": "무소속", "region": "경기 화성시갑"}, {"picDeptCd": "9771035", "name": "서형수", "party": "더불어민주당", "region": "경남 양산시을"}, {"picDeptCd": "9770786", "name": "설훈", "party": "더불어민주당", "region": "경기 부천시원미구을"}, {"picDeptCd": "9771008", "name": "성일종", "party": "자유한국당", "region": "충남 서산시태안군"}, {"picDeptCd": "9770999", "name": "소병훈", "party": "더불어민주당", "region": "경기 광주시갑"}, {"picDeptCd": "9771019", "name": "손금주", "party": "더불어민주당", "region": "전남 나주시화순군"}, {"picDeptCd": "9770935", "name": "손혜원", "party": "무소속", "region": "서울 마포구을"}, {"picDeptCd": "9771093", "name": "송갑석", "party": "더불어민주당", "region": "광주 서구갑"}, {"picDeptCd": "9770969", "name": "송기석", "party": "국민의당", "region": "광주 서구갑"}, {"picDeptCd": "9771001", "name": "송기헌", "party": "더불어민주당", "region": "강원 원주시을"}, {"picDeptCd": "9770996", "name": "송석준", "party": "자유한국당", "region": "경기 이천시"}, {"picDeptCd": "9771094", "name": "송언석", "party": "자유한국당", "region": "경북 김천시"}, {"picDeptCd": "9770967", "name": "송영길", "party": "더불어민주당", "region": "인천 계양구을"}, {"picDeptCd": "9771058", "name": "송옥주", "party": "더불어민주당", "region": "비례대표"}, {"picDeptCd": "9771039", "name": "송희경", "party": "자유한국당", "region": "비례대표"}, {"picDeptCd": "9770792", "name": "신경민", "party": "더불어민주당", "region": "서울 영등포구을"}, {"picDeptCd": "9770968", "name": "신동근", "party": "더불어민주당", "region": "인천 서구을"}, {"picDeptCd": "9771045", "name": "신보라", "party": "자유한국당", "region": "비례대표"}, {"picDeptCd": "9770921", "name": "신상진", "party": "자유한국당", "region": "경기 성남시중원구"}, {"picDeptCd": "9771069", "name": "신용현", "party": "바른미래당", "region": "비례대표"}, {"picDeptCd": "9770989", "name": "신창현", "party": "더불어민주당", "region": "경기 의왕시과천시"}, {"picDeptCd": "9771086", "name": "심기준", "party": "더불어민주당", "region": "비례대표"}, {"picDeptCd": "9770869", "name": "심상정", "party": "정의당", "region": "경기 고양시갑"}, {"picDeptCd": "9770798", "name": "심재권", "party": "더불어민주당", "region": "서울 강동구을"}, {"picDeptCd": "9770138", "name": "심재철", "party": "자유한국당", "region": "경기 안양시동안구을"}, {"picDeptCd": "9770587", "name": "안규백", "party": "더불어민주당", "region": "서울 동대문구갑"}, {"picDeptCd": "9770372", "name": "안민석", "party": "더불어민주당", "region": "경기 오산시"}, {"picDeptCd": "9770919", "name": "안상수", "party": "자유한국당", "region": "인천 중구동구강화군옹진군"}, {"picDeptCd": "9770896", "name": "안철수", "party": "국민의당", "region": "서울 노원구병"}, {"picDeptCd": "9771017", "name": "안호영", "party": "더불어민주당", "region": "전북 완주군진안군무주군장수군"}, {"picDeptCd": "9770375", "name": "양승조", "party": "더불어민주당", "region": "충남 천안시병"}, {"picDeptCd": "9771010", "name": "어기구", "party": "더불어민주당", "region": "충남 당진시"}, {"picDeptCd": "9771034", "name": "엄용수", "party": "자유한국당", "region": "경남 밀양시의령군함안군창녕군"}, {"picDeptCd": "9770591", "name": "여상규", "party": "자유한국당", "region": "경남 사천시남해군하동군"}, {"picDeptCd": "9771102", "name": "여영국", "party": "정의당", "region": "경남 창원시성산구"}, {"picDeptCd": "9770802", "name": "염동열", "party": "자유한국당", "region": "강원 태백시횡성군영월군평창군정선군"}, {"picDeptCd": "9771070", "name": "오세정", "party": "바른미래당", "region": "비례대표"}, {"picDeptCd": "9770918", "name": "오신환", "party": "바른미래당", "region": "서울 관악구을"}, {"picDeptCd": "9771037", "name": "오영훈", "party": "더불어민주당", "region": "제주 제주시을"}, {"picDeptCd": "9770380", "name": "오제세", "party": "더불어민주당", "region": "충북 청주시서원구"}, {"picDeptCd": "9770871", "name": "우상호", "party": "더불어민주당", "region": "서울 서대문구갑"}, {"picDeptCd": "9770872", "name": "우원식", "party": "더불어민주당", "region": "서울 노원구을"}, {"picDeptCd": "9770592", "name": "원유철", "party": "자유한국당", "region": "경기 평택시갑"}, {"picDeptCd": "9770386", "name": "원혜영", "party": "더불어민주당", "region": "경기 부천시오정구"}, {"picDeptCd": "9771038", "name": "위성곤", "party": "더불어민주당", "region": "제주 서귀포시"}, {"picDeptCd": "9770387", "name": "유기준", "party": "자유한국당", "region": "부산 서구동구"}, {"picDeptCd": "9770966", "name": "유동수", "party": "더불어민주당", "region": "인천 계양구갑"}, {"picDeptCd": "9771050", "name": "유민봉", "party": "자유한국당", "region": "비례대표"}, {"picDeptCd": "9770594", "name": "유성엽", "party": "무소속", "region": "전북 정읍시고창군"}, {"picDeptCd": "9770497", "name": "유승민", "party": "바른미래당", "region": "대구 동구을"}, {"picDeptCd": "9770874", "name": "유승희", "party": "더불어민주당", "region": "서울 성북구갑"}, {"picDeptCd": "9770807", "name": "유은혜", "party": "더불어민주당", "region": "경기 고양시병"}, {"picDeptCd": "9770912", "name": "유의동", "party": "바른미래당", "region": "경기 평택시을"}, {"picDeptCd": "9770596", "name": "유재중", "party": "자유한국당", "region": "부산 수영구"}, {"picDeptCd": "9770808", "name": "윤관석", "party": "더불어민주당", "region": "인천 남동구을"}, {"picDeptCd": "9770955", "name": "윤상직", "party": "자유한국당", "region": "부산 기장군"}, {"picDeptCd": "9770598", "name": "윤상현", "party": "자유한국당", "region": "인천 남구을"}, {"picDeptCd": "9771085", "name": "윤소하", "party": "정의당", "region": "비례대표"}, {"picDeptCd": "9770811", "name": "윤영석", "party": "자유한국당", "region": "경남 양산시갑"}, {"picDeptCd": "9771021", "name": "윤영일", "party": "무소속", "region": "전남 해남군완도군진도군"}, {"picDeptCd": "9771095", "name": "윤일규", "party": "더불어민주당", "region": "충남 천안시병"}, {"picDeptCd": "9770812", "name": "윤재옥", "party": "자유한국당", "region": "대구 달서구을"}, {"picDeptCd": "9770979", "name": "윤종오", "party": "민중당", "region": "울산 북구"}, {"picDeptCd": "9771051", "name": "윤종필", "party": "자유한국당", "region": "비례대표"}, {"picDeptCd": "9771096", "name": "윤준호", "party": "더불어민주당", "region": "부산 해운대구을"}, {"picDeptCd": "9771032", "name": "윤한홍", "party": "자유한국당", "region": "경남 창원시마산회원구"}, {"picDeptCd": "9770876", "name": "윤호중", "party": "더불어민주당", "region": "경기 구리시"}, {"picDeptCd": "9770813", "name": "윤후덕", "party": "더불어민주당", "region": "경기 파주시갑"}, {"picDeptCd": "9770905", "name": "이개호", "party": "더불어민주당", "region": "전남 담양군함평군영광군장성군"}, {"picDeptCd": "9770406", "name": "이군현", "party": "자유한국당", "region": "경남 통영시고성군"}, {"picDeptCd": "9771097", "name": "이규희", "party": "더불어민주당", "region": "충남 천안시갑"}, {"picDeptCd": "9771080", "name": "이동섭", "party": "바른미래당", "region": "비례대표"}, {"picDeptCd": "9771028", "name": "이만희", "party": "자유한국당", "region": "경북 영천시청도군"}, {"picDeptCd": "9770602", "name": "이명수", "party": "자유한국당", "region": "충남 아산시갑"}, {"picDeptCd": "9771072", "name": "이상돈", "party": "바른미래당", "region": "비례대표"}, {"picDeptCd": "9770414", "name": "이상민", "party": "더불어민주당", "region": "대전 유성구을"}, {"picDeptCd": "9771098", "name": "이상헌", "party": "더불어민주당", "region": "울산 북구"}, {"picDeptCd": "9770416", "name": "이석현", "party": "더불어민주당", "region": "경기 안양시동안구갑"}, {"picDeptCd": "9771088", "name": "이수혁", "party": "더불어민주당", "region": "비례대표"}, {"picDeptCd": "9771003", "name": "이양수", "party": "자유한국당", "region": "강원 속초시고성군양양군"}, {"picDeptCd": "9770822", "name": "이언주", "party": "무소속", "region": "경기 광명시을"}, {"picDeptCd": "9770824", "name": "이완영", "party": "자유한국당", "region": "경북 고령군성주군칠곡군"}, {"picDeptCd": "9771067", "name": "이용득", "party": "더불어민주당", "region": "비례대표"}, {"picDeptCd": "9771018", "name": "이용주", "party": "무소속", "region": "전남 여수시갑"}, {"picDeptCd": "9771015", "name": "이용호", "party": "무소속", "region": "전북 남원시임실군순창군"}, {"picDeptCd": "9770825", "name": "이우현", "party": "자유한국당", "region": "경기 용인시갑"}, {"picDeptCd": "9770826", "name": "이원욱", "party": "더불어민주당", "region": "경기 화성시을"}, {"picDeptCd": "9770972", "name": "이은권", "party": "자유한국당", "region": "대전 중구"}, {"picDeptCd": "9770947", "name": "이은재", "party": "자유한국당", "region": "서울 강남구병"}, {"picDeptCd": "9770878", "name": "이인영", "party": "더불어민주당", "region": "서울 구로구갑"}, {"picDeptCd": "9770829", "name": "이장우", "party": "자유한국당", "region": "대전 동구"}, {"picDeptCd": "9771060", "name": "이재정", "party": "더불어민주당", "region": "비례대표"}, {"picDeptCd": "9771082", "name": "이정미", "party": "정의당", "region": "비례대표"}, {"picDeptCd": "9770916", "name": "이정현", "party": "무소속", "region": "전남 순천시"}, {"picDeptCd": "9770194", "name": "이종걸", "party": "더불어민주당", "region": "경기 안양시만안구"}, {"picDeptCd": "9770945", "name": "이종구", "party": "자유한국당", "region": "서울 강남구갑"}, {"picDeptCd": "9771040", "name": "이종명", "party": "자유한국당", "region": "비례대표"}, {"picDeptCd": "9770914", "name": "이종배", "party": "자유한국당", "region": "충북 충주시"}, {"picDeptCd": "9770499", "name": "이주영", "party": "자유한국당", "region": "경남 창원시마산합포구"}, {"picDeptCd": "9770621", "name": "이진복", "party": "자유한국당", "region": "부산 동래구"}, {"picDeptCd": "9770678", "name": "이찬열", "party": "바른미래당", "region": "경기 수원시갑"}, {"picDeptCd": "9770835", "name": "이채익", "party": "자유한국당", "region": "울산 남구갑"}, {"picDeptCd": "9771002", "name": "이철규", "party": "자유한국당", "region": "강원 동해시삼척시"}, {"picDeptCd": "9770685", "name": "이철우", "party": "자유한국당", "region": "경북 김천시"}, {"picDeptCd": "9771063", "name": "이철희", "party": "더불어민주당", "region": "비례대표"}, {"picDeptCd": "9770623", "name": "이춘석", "party": "더불어민주당", "region": "전북 익산시갑"}, {"picDeptCd": "9771076", "name": "이태규", "party": "바른미래당", "region": "비례대표"}, {"picDeptCd": "9770836", "name": "이학영", "party": "더불어민주당", "region": "경기 군포시을"}, {"picDeptCd": "9770625", "name": "이학재", "party": "자유한국당", "region": "인천 서구갑"}, {"picDeptCd": "9770879", "name": "이해찬", "party": "더불어민주당", "region": "세종특별자치시"}, {"picDeptCd": "9770837", "name": "이헌승", "party": "자유한국당", "region": "부산 부산진구을"}, {"picDeptCd": "9770838", "name": "이현재", "party": "자유한국당", "region": "경기 하남시"}, {"picDeptCd": "9770943", "name": "이혜훈", "party": "바른미래당", "region": "서울 서초구갑"}, {"picDeptCd": "9771099", "name": "이후삼", "party": "더불어민주당", "region": "충북 제천시단양군"}, {"picDeptCd": "9770939", "name": "이훈", "party": "더불어민주당", "region": "서울 금천구"}, {"picDeptCd": "9770839", "name": "인재근", "party": "더불어민주당", "region": "서울 도봉구갑"}, {"picDeptCd": "9771041", "name": "임이자", "party": "자유한국당", "region": "비례대표"}, {"picDeptCd": "9771101", "name": "임재훈", "party": "바른미래당", "region": "비례대표"}, {"picDeptCd": "9771000", "name": "임종성", "party": "더불어민주당", "region": "경기 광주시을"}, {"picDeptCd": "9770688", "name": "장병완", "party": "무소속", "region": "광주 동구남구갑"}, {"picDeptCd": "9771026", "name": "장석춘", "party": "자유한국당", "region": "경북 구미시을"}, {"picDeptCd": "9771079", "name": "장정숙", "party": "바른미래당", "region": "비례대표"}, {"picDeptCd": "9770954", "name": "장제원", "party": "자유한국당", "region": "부산 사상구"}, {"picDeptCd": "9770951", "name": "전재수", "party": "더불어민주당", "region": "부산 북구강서구갑"}, {"picDeptCd": "9770846", "name": "전해철", "party": "더불어민주당", "region": "경기 안산시상록구갑"}, {"picDeptCd": "9770946", "name": "전현희", "party": "더불어민주당", "region": "서울 강남구을"}, {"picDeptCd": "9770926", "name": "전혜숙", "party": "더불어민주당", "region": "서울 광진구갑"}, {"picDeptCd": "9771047", "name": "전희경", "party": "자유한국당", "region": "비례대표"}, {"picDeptCd": "9770439", "name": "정갑윤", "party": "자유한국당", "region": "울산 중구"}, {"picDeptCd": "9771013", "name": "정동영", "party": "민주평화당", "region": "전북 전주시병"}, {"picDeptCd": "9770229", "name": "정병국", "party": "바른미래당", "region": "경기 여주시양평군"}, {"picDeptCd": "9770881", "name": "정성호", "party": "더불어민주당", "region": "경기 양주시"}, {"picDeptCd": "9770230", "name": "정세균", "party": "더불어민주당", "region": "서울 종로구"}, {"picDeptCd": "9770928", "name": "정양석", "party": "자유한국당", "region": "서울 강북구갑"}, {"picDeptCd": "9770907", "name": "정용기", "party": "자유한국당", "region": "대전 대덕구"}, {"picDeptCd": "9770847", "name": "정우택", "party": "자유한국당", "region": "충북 청주시상당구"}, {"picDeptCd": "9771012", "name": "정운천", "party": "바른미래당", "region": "전북 전주시을"}, {"picDeptCd": "9770965", "name": "정유섭", "party": "자유한국당", "region": "인천 부평구갑"}, {"picDeptCd": "9771104", "name": "정은혜", "party": "더불어민주당", "region": "비례대표"}, {"picDeptCd": "9771020", "name": "정인화", "party": "무소속", "region": "전남 광양시곡성군구례군"}, {"picDeptCd": "9770988", "name": "정재호", "party": "더불어민주당", "region": "경기 고양시을"}, {"picDeptCd": "9771103", "name": "정점식", "party": "자유한국당", "region": "경남 통영시고성군"}, {"picDeptCd": "9770957", "name": "정종섭", "party": "자유한국당", "region": "대구 동구갑"}, {"picDeptCd": "9771006", "name": "정진석", "party": "자유한국당", "region": "충남 공주시부여군청양군"}, {"picDeptCd": "9771068", "name": "정춘숙", "party": "더불어민주당", "region": "비례대표"}, {"picDeptCd": "9770958", "name": "정태옥", "party": "자유한국당", "region": "대구 북구갑"}, {"picDeptCd": "9771064", "name": "제윤경", "party": "더불어민주당", "region": "비례대표"}, {"picDeptCd": "9770450", "name": "조경태", "party": "자유한국당", "region": "부산 사하구을"}, {"picDeptCd": "9771014", "name": "조배숙", "party": "민주평화당", "region": "전북 익산시을"}, {"picDeptCd": "9770973", "name": "조승래", "party": "더불어민주당", "region": "대전 유성구갑"}, {"picDeptCd": "9770648", "name": "조원진", "party": "우리공화당", "region": "대구 달서구병"}, {"picDeptCd": "9770990", "name": "조응천", "party": "더불어민주당", "region": "경기 남양주시갑"}, {"picDeptCd": "9770456", "name": "조정식", "party": "더불어민주당", "region": "경기 시흥시을"}, {"picDeptCd": "9771052", "name": "조훈현", "party": "자유한국당", "region": "비례대표"}, {"picDeptCd": "9770992", "name": "주광덕", "party": "자유한국당", "region": "경기 남양주시병"}, {"picDeptCd": "9770458", "name": "주승용", "party": "바른미래당", "region": "전남 여수시을"}, {"picDeptCd": "9770883", "name": "주호영", "party": "자유한국당", "region": "대구 수성구을"}, {"picDeptCd": "9770925", "name": "지상욱", "party": "바른미래당", "region": "서울 중구성동구을"}, {"picDeptCd": "9770852", "name": "진선미", "party": "더불어민주당", "region": "서울 강동구갑"}, {"picDeptCd": "9770462", "name": "진영", "party": "더불어민주당", "region": "서울 용산구"}, {"picDeptCd": "9771074", "name": "채이배", "party": "바른미래당", "region": "비례대표"}, {"picDeptCd": "9770920", "name": "천정배", "party": "무소속", "region": "광주 서구을"}, {"picDeptCd": "9771029", "name": "최경환", "party": "자유한국당", "region": "경북 경산시"}, {"picDeptCd": "9770976", "name": "최경환", "party": "무소속", "region": "광주 북구을"}, {"picDeptCd": "9771027", "name": "최교일", "party": "자유한국당", "region": "경북 영주시문경시예천군"}, {"picDeptCd": "9771081", "name": "최도자", "party": "바른미래당", "region": "비례대표"}, {"picDeptCd": "9770948", "name": "최명길", "party": "국민의당", "region": "서울 송파구을"}, {"picDeptCd": "9771043", "name": "최연혜", "party": "자유한국당", "region": "비례대표"}, {"picDeptCd": "9771059", "name": "최운열", "party": "더불어민주당", "region": "비례대표"}, {"picDeptCd": "9770952", "name": "최인호", "party": "더불어민주당", "region": "부산 사하구갑"}, {"picDeptCd": "9771100", "name": "최재성", "party": "더불어민주당", "region": "서울 송파구을"}, {"picDeptCd": "9770962", "name": "추경호", "party": "자유한국당", "region": "대구 달성군"}, {"picDeptCd": "9770659", "name": "추미애", "party": "더불어민주당", "region": "서울 광진구을"}, {"picDeptCd": "9771084", "name": "추혜선", "party": "정의당", "region": "비례대표"}, {"picDeptCd": "9770994", "name": "표창원", "party": "더불어민주당", "region": "경기 용인시정"}, {"picDeptCd": "9770858", "name": "하태경", "party": "바른미래당", "region": "부산 해운대구갑"}, {"picDeptCd": "9770477", "name": "한선교", "party": "자유한국당", "region": "경기 용인시병"}, {"picDeptCd": "9770859", "name": "한정애", "party": "더불어민주당", "region": "서울 강서구병"}, {"picDeptCd": "9770860", "name": "함진규", "party": "자유한국당", "region": "경기 시흥시갑"}, {"picDeptCd": "9770862", "name": "홍문종", "party": "우리공화당", "region": "경기 의정부시을"}, {"picDeptCd": "9770886", "name": "홍문표", "party": "자유한국당", "region": "충남 홍성군예산군"}, {"picDeptCd": "9770676", "name": "홍영표", "party": "더불어민주당", "region": "인천 부평구을"}, {"picDeptCd": "9770959", "name": "홍의락", "party": "더불어민주당", "region": "대구 북구을"}, {"picDeptCd": "9770864", "name": "홍익표", "party": "더불어민주당", "region": "서울 중구성동구갑"}, {"picDeptCd": "9770665", "name": "홍일표", "party": "자유한국당", "region": "인천 남구갑"}, {"picDeptCd": "9770913", "name": "홍철호", "party": "자유한국당", "region": "경기 김포시을"}, {"picDeptCd": "9770669", "name": "황영철", "party": "자유한국당", "region": "강원 홍천군철원군화천군양구군인제군"}, {"picDeptCd": "9770867", "name": "황주홍", "party": "민주평화당", "region": "전남 고흥군보성군장흥군강진군"}, {"picDeptCd": "9770936", "name": "황희", "party": "더불어민주당", "region": "서울 양천구갑"}]
}
